Student Name,Group Num
Test2,Not Placed
Test1,Not Placed
Test 99,Not Placed
Test 98,Not Placed
Test 97,Not Placed
Test 96,4
Test 95,Not Placed
Test 94,Not Placed
Test 93,Not Placed
Test 92,18
Test 91,Not Placed
Test 90,3
Test 9,Not Placed
Test 89,21
Test 88,22
Test 87,Not Placed
Test 86,Not Placed
Test 85,Not Placed
Test 84,7
Test 83,Not Placed
Test 82,Not Placed
Test 81,Not Placed
Test 80,Not Placed
Test 8,Not Placed
Test 79,Not Placed
Test 78,Not Placed
Test 77,Not Placed
Test 76,Not Placed
Test 75,Not Placed
Test 74,Not Placed
Test 73,Not Placed
Test 72,Not Placed
Test 71,Not Placed
Test 70,Not Placed
Test 7,5
Test 69,Not Placed
Test 68,Not Placed
Test 67,Not Placed
Test 66,12
Test 65,Not Placed
Test 64,Not Placed
Test 63,19
Test 62,2
Test 61,2
Test 60,Not Placed
Test 6,3
Test 59,Not Placed
Test 58,Not Placed
Test 57,Not Placed
Test 56,Not Placed
Test 55,Not Placed
Test 54,Not Placed
Test 53,15
Test 52,Not Placed
Test 51,Not Placed
Test 50,21
Test 5,1
Test 49,Not Placed
Test 48,17
Test 47,Not Placed
Test 46,Not Placed
Test 45,Not Placed
Test 44,Not Placed
Test 43,19
Test 42,Not Placed
Test 41,Not Placed
Test 40,Not Placed
Test 4,Not Placed
Test 39,Not Placed
Test 38,15
Test 37,Not Placed
Test 36,Not Placed
Test 35,20
Test 34,21
Test 33,Not Placed
Test 32,5
Test 31,13
Test 30,Not Placed
Test 3,8
Test 29,20
Test 28,Not Placed
Test 27,Not Placed
Test 26,Not Placed
Test 25,18
Test 24,Not Placed
Test 23,Not Placed
Test 22,Not Placed
Test 21,Not Placed
Test 202,Not Placed
Test 201,Not Placed
Test 200,Not Placed
Test 20,Not Placed
Test 199,3
Test 198,Not Placed
Test 197,Not Placed
Test 196,Not Placed
Test 195,Not Placed
Test 194,Not Placed
Test 193,Not Placed
Test 192,Not Placed
Test 191,Not Placed
Test 190,Not Placed
Test 19,Not Placed
Test 189,Not Placed
Test 188,Not Placed
Test 187,Not Placed
Test 186,11
Test 185,16
Test 184,Not Placed
Test 183,Not Placed
Test 182,17
Test 181,Not Placed
Test 180,Not Placed
Test 18,Not Placed
Test 179,Not Placed
Test 178,7
Test 177,Not Placed
Test 176,Not Placed
Test 175,Not Placed
Test 174,Not Placed
Test 173,Not Placed
Test 172,Not Placed
Test 171,Not Placed
Test 170,12
Test 17,Not Placed
Test 169,Not Placed
Test 168,Not Placed
Test 167,Not Placed
Test 166,Not Placed
Test 165,Not Placed
Test 164,16
Test 163,Not Placed
Test 162,Not Placed
Test 161,Not Placed
Test 160,Not Placed
Test 16,1
Test 159,Not Placed
Test 158,Not Placed
Test 157,Not Placed
Test 156,Not Placed
Test 155,Not Placed
Test 154,Not Placed
Test 153,4
Test 152,Not Placed
Test 151,11
Test 150,Not Placed
Test 15,Not Placed
Test 149,Not Placed
Test 148,Not Placed
Test 147,13
Test 146,Not Placed
Test 145,Not Placed
Test 144,19
Test 143,Not Placed
Test 142,Not Placed
Test 141,Not Placed
Test 140,Not Placed
Test 14,Not Placed
Test 139,Not Placed
Test 138,Not Placed
Test 137,Not Placed
Test 136,Not Placed
Test 135,Not Placed
Test 134,Not Placed
Test 133,Not Placed
Test 132,Not Placed
Test 131,10
Test 130,1
Test 13,Not Placed
Test 129,Not Placed
Test 128,3
Test 127,Not Placed
Test 126,Not Placed
Test 125,Not Placed
Test 124,22
Test 123,Not Placed
Test 122,Not Placed
Test 121,Not Placed
Test 120,Not Placed
Test 12,Not Placed
Test 119,Not Placed
Test 118,Not Placed
Test 117,Not Placed
Test 116,Not Placed
Test 115,6
Test 114,Not Placed
Test 113,Not Placed
Test 112,Not Placed
Test 111,Not Placed
Test 110,Not Placed
Test 11,Not Placed
Test 109,Not Placed
Test 108,Not Placed
Test 107,Not Placed
Test 106,Not Placed
Test 105,Not Placed
Test 104,Not Placed
Test 103,Not Placed
Test 102,Not Placed
Test 101,Not Placed
Test 100,Not Placed
Test 10,Not Placed
