Group Number,Student #1,Student #2,Student #3,Student #4
1,Test 16 (2),Test 130 (2),n/a,n/a
1,Test 32 (3),Test 5 (1),n/a,n/a
2,Test 61 (2),Test 62 (2),n/a,n/a
2,Test 115 (1),Test 178 (2),n/a,n/a
3,Test 90 (3),Test 199 (1),n/a,n/a
3,Test 6 (2),Test 128 (2),n/a,n/a
4,Test 96 (2),Test 153 (2),n/a,n/a
4,Test 131 (2),Test 6 (2),n/a,n/a
5,Test 7 (1),Test 32 (3),n/a,n/a
6,Test 84 (2),Test 115 (1),n/a,n/a
7,Test 178 (2),Test 84 (2),n/a,n/a
8,Test 3 (2),Test 6 (2),n/a,n/a
9,Test 128 (2),Test 3 (2),n/a,n/a
10,Test 131 (2),Test 3 (2),n/a,n/a
11,Test 151 (2),Test 186 (2),n/a,n/a
12,Test 66 (2),Test 170 (2),n/a,n/a
13,Test 31 (3),Test 147 (1),n/a,n/a
14,Test 202 (1),Test 31 (3),n/a,n/a
15,Test 38 (1),Test 53 (2),n/a,n/a
16,Test 164 (2),Test 185 (2),n/a,n/a
17,Test 48 (2),Test 182 (2),n/a,n/a
18,Test 25 (2),Test 92 (2),n/a,n/a
19,Test 43 (2),Test 63 (1),Test 144 (1),n/a
20,Test 29 (3),Test 35 (1),n/a,n/a
21,Test 34 (1),Test 50 (1),Test 89 (1),n/a
22,Test 88 (1),Test 124 (2),n/a,n/a
