Student Name,Group 1,Group 2,Group 3
Test1,162,164
Test2,94
Test 3,76,78,79
Test 4,150
Test 5,100,102
Test 6,76,77,80
Test 7,100,101
Test 8,189,191,192
Test 9
Test 10
Test 11,12,14
Test 12,57
Test 13
Test 14,171,173
Test 15,103,103
Test 16,166
Test 17,7
Test 18,15
Test 19,40
Test 20
Test 21,162,163
Test 22,171,172
Test 23,146
Test 24
Test 25,48,52
Test 26
Test 27,146,147,149
Test 28,0
Test 29,124,126,127
Test 30,23
Test 31,183,185
Test 32,101,102
Test 33,49
Test 34,124,125,128
Test 35,125,126,130
Test 36,41
Test 37,42
Test 38,177
Test 39,33
Test 40,121
Test 41,198,200,201
Test 42,61
Test 43,48,50,52
Test 44,65,67
Test 45,198
Test 46,12
Test 47,103,104
Test 48,2,6
Test 49
Test 50,125,127
Test 51,33
Test 52
Test 53,177
Test 54,107,111,112
Test 55,89
Test 56,169
Test 57,71
Test 58,117,119
Test 59,174
Test 60,121
Test 61,157,161
Test 62,157,158
Test 63,49,50,53
Test 64,16
Test 65,193
Test 66,189,190
Test 67
Test 68,2,3,5
Test 69
Test 70,59
Test 71,3
Test 72,19,21
Test 73,177
Test 74,63
Test 75,19,20
Test 76,131
Test 77,194
Test 78
Test 79
Test 80,114
Test 81,174
Test 82,128,129
Test 83
Test 84,85,87,88
Test 85,77,78,81
Test 86,107,108,111
Test 87,92
Test 88,107,109,112
Test 89,125,129
Test 90,159,159
Test 91,36,38
Test 92,52,52
Test 93,53
Test 94
Test 95,108,109
Test 96,155
Test 97,133
Test 98,40,41,42
Test 99,79,79,81
Test 100,59
Test 101
Test 102
Test 103,36,37
Test 104
Test 105,65
Test 106,136
Test 107
Test 108
Test 109
Test 110,136,137
Test 111
Test 112,117
Test 113,200
Test 114
Test 115,85,86,88
Test 116
Test 117,163,164
Test 118,128,130
Test 119
Test 120
Test 121,54
Test 122,20,21
Test 123,119
Test 124,111,111
Test 125,131
Test 126,201
Test 127,37,38
Test 128,80,79
Test 129,55
Test 130,166
Test 131,81,81
Test 132
Test 133,103,105
Test 134,150,151
Test 135,121
Test 136
Test 137,57
Test 138,191
Test 139,147,148
Test 140,148,149
Test 141,14
Test 142,174
Test 143,92
Test 144,50,54,55
Test 145
Test 146
Test 147,183,184
Test 148,114
Test 149,71
Test 150,5
Test 151,144
Test 152
Test 153,155
Test 154
Test 155,104,105,103
Test 156,61
Test 157,7,8
Test 158,151,152
Test 159
Test 160,94
Test 161
Test 162,150,152
Test 163,68
Test 164,195
Test 165,137
Test 166,133,134
Test 167,67
Test 168,172,173
Test 169,134
Test 170,190,192
Test 171,86,87
Test 172
Test 173,7,9
Test 174,90
Test 175
Test 176,17
Test 177
Test 178,88,88
Test 179
Test 180,158,159
Test 181
Test 182,6
Test 183
Test 184
Test 185,195,196
Test 186,144
Test 187,68
Test 188,63
Test 189,112,112
Test 190,23
Test 191,169
Test 192,8,9
Test 193,71
Test 194
Test 195,68
Test 196,15,16,17
Test 197,0
Test 198,193,194,196
Test 199,158,161,159
Test 200
Test 201,89,90
Test 202,184,185
